{
  "target_foundation": "care",
  "control_foundation": "social_norms",
  "model_info": {
    "model_type": "llama",
    "total_layers": 32,
    "hidden_size": 4096
  },
  "n_rollouts": 5,
  "pca_statistics": {
    "model.layers.0": {
      "n_samples": 1000,
      "vector_dim": 4096,
      "pc1_variance": 0.13427084684371948,
      "pc2_variance": 0.07253164798021317,
      "total_variance": 0.20680248737335205
    },
    "model.layers.1": {
      "n_samples": 1000,
      "vector_dim": 4096,
      "pc1_variance": 0.10833428055047989,
      "pc2_variance": 0.09699700027704239,
      "total_variance": 0.20533128082752228
    },
    "model.layers.2": {
      "n_samples": 1000,
      "vector_dim": 4096,
      "pc1_variance": 0.10727893561124802,
      "pc2_variance": 0.08658307045698166,
      "total_variance": 0.19386200606822968
    },
    "model.layers.3": {
      "n_samples": 1000,
      "vector_dim": 4096,
      "pc1_variance": 0.0997004434466362,
      "pc2_variance": 0.0841149389743805,
      "total_variance": 0.1838153898715973
    },
    "model.layers.4": {
      "n_samples": 1000,
      "vector_dim": 4096,
      "pc1_variance": 0.12448427826166153,
      "pc2_variance": 0.07318244874477386,
      "total_variance": 0.197666734457016
    },
    "model.layers.5": {
      "n_samples": 1000,
      "vector_dim": 4096,
      "pc1_variance": 0.13587017357349396,
      "pc2_variance": 0.07287377119064331,
      "total_variance": 0.20874394476413727
    },
    "model.layers.6": {
      "n_samples": 1000,
      "vector_dim": 4096,
      "pc1_variance": 0.1528463065624237,
      "pc2_variance": 0.07193613797426224,
      "total_variance": 0.22478243708610535
    },
    "model.layers.7": {
      "n_samples": 1000,
      "vector_dim": 4096,
      "pc1_variance": 0.1508159041404724,
      "pc2_variance": 0.08850501477718353,
      "total_variance": 0.23932091891765594
    },
    "model.layers.8": {
      "n_samples": 1000,
      "vector_dim": 4096,
      "pc1_variance": 0.15202222764492035,
      "pc2_variance": 0.09775981307029724,
      "total_variance": 0.2497820407152176
    },
    "model.layers.9": {
      "n_samples": 1000,
      "vector_dim": 4096,
      "pc1_variance": 0.13972467184066772,
      "pc2_variance": 0.10291005671024323,
      "total_variance": 0.24263472855091095
    },
    "model.layers.10": {
      "n_samples": 1000,
      "vector_dim": 4096,
      "pc1_variance": 0.14838141202926636,
      "pc2_variance": 0.10978130996227264,
      "total_variance": 0.2581627368927002
    },
    "model.layers.11": {
      "n_samples": 1000,
      "vector_dim": 4096,
      "pc1_variance": 0.15957514941692352,
      "pc2_variance": 0.10870064049959183,
      "total_variance": 0.26827579736709595
    },
    "model.layers.12": {
      "n_samples": 1000,
      "vector_dim": 4096,
      "pc1_variance": 0.12899862229824066,
      "pc2_variance": 0.11076569557189941,
      "total_variance": 0.23976431787014008
    },
    "model.layers.13": {
      "n_samples": 1000,
      "vector_dim": 4096,
      "pc1_variance": 0.11778593808412552,
      "pc2_variance": 0.0935821384191513,
      "total_variance": 0.21136808395385742
    },
    "model.layers.14": {
      "n_samples": 1000,
      "vector_dim": 4096,
      "pc1_variance": 0.1361791044473648,
      "pc2_variance": 0.10209514945745468,
      "total_variance": 0.2382742464542389
    },
    "model.layers.15": {
      "n_samples": 1000,
      "vector_dim": 4096,
      "pc1_variance": 0.18168683350086212,
      "pc2_variance": 0.10855305194854736,
      "total_variance": 0.2902398705482483
    },
    "model.layers.16": {
      "n_samples": 1000,
      "vector_dim": 4096,
      "pc1_variance": 0.2096984088420868,
      "pc2_variance": 0.11623368412256241,
      "total_variance": 0.3259320855140686
    },
    "model.layers.17": {
      "n_samples": 1000,
      "vector_dim": 4096,
      "pc1_variance": 0.2356989085674286,
      "pc2_variance": 0.11663294583559036,
      "total_variance": 0.35233184695243835
    },
    "model.layers.18": {
      "n_samples": 1000,
      "vector_dim": 4096,
      "pc1_variance": 0.24731354415416718,
      "pc2_variance": 0.11800460517406464,
      "total_variance": 0.3653181493282318
    },
    "model.layers.19": {
      "n_samples": 1000,
      "vector_dim": 4096,
      "pc1_variance": 0.26324716210365295,
      "pc2_variance": 0.1223963126540184,
      "total_variance": 0.38564348220825195
    },
    "model.layers.20": {
      "n_samples": 1000,
      "vector_dim": 4096,
      "pc1_variance": 0.2660408318042755,
      "pc2_variance": 0.12694673240184784,
      "total_variance": 0.39298754930496216
    },
    "model.layers.21": {
      "n_samples": 1000,
      "vector_dim": 4096,
      "pc1_variance": 0.262069970369339,
      "pc2_variance": 0.127190962433815,
      "total_variance": 0.3892609477043152
    },
    "model.layers.22": {
      "n_samples": 1000,
      "vector_dim": 4096,
      "pc1_variance": 0.26173216104507446,
      "pc2_variance": 0.13212963938713074,
      "total_variance": 0.3938618004322052
    },
    "model.layers.23": {
      "n_samples": 1000,
      "vector_dim": 4096,
      "pc1_variance": 0.26310041546821594,
      "pc2_variance": 0.13673271238803864,
      "total_variance": 0.39983314275741577
    },
    "model.layers.24": {
      "n_samples": 1000,
      "vector_dim": 4096,
      "pc1_variance": 0.2675739526748657,
      "pc2_variance": 0.1374647170305252,
      "total_variance": 0.40503865480422974
    },
    "model.layers.25": {
      "n_samples": 1000,
      "vector_dim": 4096,
      "pc1_variance": 0.257449746131897,
      "pc2_variance": 0.13867318630218506,
      "total_variance": 0.39612293243408203
    },
    "model.layers.26": {
      "n_samples": 1000,
      "vector_dim": 4096,
      "pc1_variance": 0.25470852851867676,
      "pc2_variance": 0.13958868384361267,
      "total_variance": 0.39429721236228943
    },
    "model.layers.27": {
      "n_samples": 1000,
      "vector_dim": 4096,
      "pc1_variance": 0.2573888599872589,
      "pc2_variance": 0.14217860996723175,
      "total_variance": 0.39956748485565186
    },
    "model.layers.28": {
      "n_samples": 1000,
      "vector_dim": 4096,
      "pc1_variance": 0.2488255500793457,
      "pc2_variance": 0.1298178732395172,
      "total_variance": 0.3786434233188629
    },
    "model.layers.29": {
      "n_samples": 1000,
      "vector_dim": 4096,
      "pc1_variance": 0.2363758087158203,
      "pc2_variance": 0.12364452332258224,
      "total_variance": 0.36002033948898315
    },
    "model.layers.30": {
      "n_samples": 1000,
      "vector_dim": 4096,
      "pc1_variance": 0.22521382570266724,
      "pc2_variance": 0.11919298768043518,
      "total_variance": 0.3444068133831024
    },
    "model.layers.31": {
      "n_samples": 1000,
      "vector_dim": 4096,
      "pc1_variance": 0.20947682857513428,
      "pc2_variance": 0.10705561935901642,
      "total_variance": 0.3165324330329895
    }
  }
}