{
  "target_foundation": "care",
  "control_foundation": "authority",
  "model_info": {
    "model_type": "llama",
    "total_layers": 32,
    "hidden_size": 4096
  },
  "n_rollouts": 5,
  "pca_statistics": {
    "model.layers.0": {
      "n_samples": 1000,
      "vector_dim": 4096,
      "pc1_variance": 0.10953278094530106,
      "pc2_variance": 0.07753158360719681,
      "total_variance": 0.18706436455249786
    },
    "model.layers.1": {
      "n_samples": 1000,
      "vector_dim": 4096,
      "pc1_variance": 0.1344185322523117,
      "pc2_variance": 0.0798269659280777,
      "total_variance": 0.2142454981803894
    },
    "model.layers.2": {
      "n_samples": 1000,
      "vector_dim": 4096,
      "pc1_variance": 0.1436324566602707,
      "pc2_variance": 0.07358679920434952,
      "total_variance": 0.2172192633152008
    },
    "model.layers.3": {
      "n_samples": 1000,
      "vector_dim": 4096,
      "pc1_variance": 0.13119344413280487,
      "pc2_variance": 0.07120166718959808,
      "total_variance": 0.20239511132240295
    },
    "model.layers.4": {
      "n_samples": 1000,
      "vector_dim": 4096,
      "pc1_variance": 0.10488096624612808,
      "pc2_variance": 0.07904922962188721,
      "total_variance": 0.1839301884174347
    },
    "model.layers.5": {
      "n_samples": 1000,
      "vector_dim": 4096,
      "pc1_variance": 0.10080631822347641,
      "pc2_variance": 0.08459632843732834,
      "total_variance": 0.18540264666080475
    },
    "model.layers.6": {
      "n_samples": 1000,
      "vector_dim": 4096,
      "pc1_variance": 0.11441121995449066,
      "pc2_variance": 0.07682288438081741,
      "total_variance": 0.19123411178588867
    },
    "model.layers.7": {
      "n_samples": 1000,
      "vector_dim": 4096,
      "pc1_variance": 0.11229214072227478,
      "pc2_variance": 0.08529585599899292,
      "total_variance": 0.1975879967212677
    },
    "model.layers.8": {
      "n_samples": 1000,
      "vector_dim": 4096,
      "pc1_variance": 0.11996421962976456,
      "pc2_variance": 0.09193044900894165,
      "total_variance": 0.2118946611881256
    },
    "model.layers.9": {
      "n_samples": 1000,
      "vector_dim": 4096,
      "pc1_variance": 0.1246909648180008,
      "pc2_variance": 0.09561578929424286,
      "total_variance": 0.22030675411224365
    },
    "model.layers.10": {
      "n_samples": 1000,
      "vector_dim": 4096,
      "pc1_variance": 0.14741462469100952,
      "pc2_variance": 0.0958000048995018,
      "total_variance": 0.24321463704109192
    },
    "model.layers.11": {
      "n_samples": 1000,
      "vector_dim": 4096,
      "pc1_variance": 0.15426920354366302,
      "pc2_variance": 0.09754283726215363,
      "total_variance": 0.25181204080581665
    },
    "model.layers.12": {
      "n_samples": 1000,
      "vector_dim": 4096,
      "pc1_variance": 0.13691496849060059,
      "pc2_variance": 0.08738911151885986,
      "total_variance": 0.22430408000946045
    },
    "model.layers.13": {
      "n_samples": 1000,
      "vector_dim": 4096,
      "pc1_variance": 0.10859847068786621,
      "pc2_variance": 0.09166563302278519,
      "total_variance": 0.2002640962600708
    },
    "model.layers.14": {
      "n_samples": 1000,
      "vector_dim": 4096,
      "pc1_variance": 0.14038442075252533,
      "pc2_variance": 0.0849430188536644,
      "total_variance": 0.22532743215560913
    },
    "model.layers.15": {
      "n_samples": 1000,
      "vector_dim": 4096,
      "pc1_variance": 0.19169601798057556,
      "pc2_variance": 0.09028159081935883,
      "total_variance": 0.2819775938987732
    },
    "model.layers.16": {
      "n_samples": 1000,
      "vector_dim": 4096,
      "pc1_variance": 0.21533598005771637,
      "pc2_variance": 0.09634438157081604,
      "total_variance": 0.3116803765296936
    },
    "model.layers.17": {
      "n_samples": 1000,
      "vector_dim": 4096,
      "pc1_variance": 0.23268833756446838,
      "pc2_variance": 0.10674329847097397,
      "total_variance": 0.33943164348602295
    },
    "model.layers.18": {
      "n_samples": 1000,
      "vector_dim": 4096,
      "pc1_variance": 0.24095024168491364,
      "pc2_variance": 0.10858605802059174,
      "total_variance": 0.34953629970550537
    },
    "model.layers.19": {
      "n_samples": 1000,
      "vector_dim": 4096,
      "pc1_variance": 0.25938180088996887,
      "pc2_variance": 0.1200006753206253,
      "total_variance": 0.37938249111175537
    },
    "model.layers.20": {
      "n_samples": 1000,
      "vector_dim": 4096,
      "pc1_variance": 0.2631869614124298,
      "pc2_variance": 0.12253252416849136,
      "total_variance": 0.3857194781303406
    },
    "model.layers.21": {
      "n_samples": 1000,
      "vector_dim": 4096,
      "pc1_variance": 0.2602143883705139,
      "pc2_variance": 0.11948923021554947,
      "total_variance": 0.3797036111354828
    },
    "model.layers.22": {
      "n_samples": 1000,
      "vector_dim": 4096,
      "pc1_variance": 0.26117581129074097,
      "pc2_variance": 0.1268540769815445,
      "total_variance": 0.38802987337112427
    },
    "model.layers.23": {
      "n_samples": 1000,
      "vector_dim": 4096,
      "pc1_variance": 0.26318374276161194,
      "pc2_variance": 0.1294623166322708,
      "total_variance": 0.39264607429504395
    },
    "model.layers.24": {
      "n_samples": 1000,
      "vector_dim": 4096,
      "pc1_variance": 0.26383253931999207,
      "pc2_variance": 0.1327909231185913,
      "total_variance": 0.3966234624385834
    },
    "model.layers.25": {
      "n_samples": 1000,
      "vector_dim": 4096,
      "pc1_variance": 0.2556847333908081,
      "pc2_variance": 0.1344064176082611,
      "total_variance": 0.3900911509990692
    },
    "model.layers.26": {
      "n_samples": 1000,
      "vector_dim": 4096,
      "pc1_variance": 0.25040313601493835,
      "pc2_variance": 0.13924768567085266,
      "total_variance": 0.389650821685791
    },
    "model.layers.27": {
      "n_samples": 1000,
      "vector_dim": 4096,
      "pc1_variance": 0.2561343312263489,
      "pc2_variance": 0.14087337255477905,
      "total_variance": 0.39700770378112793
    },
    "model.layers.28": {
      "n_samples": 1000,
      "vector_dim": 4096,
      "pc1_variance": 0.24268731474876404,
      "pc2_variance": 0.12884660065174103,
      "total_variance": 0.37153393030166626
    },
    "model.layers.29": {
      "n_samples": 1000,
      "vector_dim": 4096,
      "pc1_variance": 0.2283247411251068,
      "pc2_variance": 0.12073636800050735,
      "total_variance": 0.34906110167503357
    },
    "model.layers.30": {
      "n_samples": 1000,
      "vector_dim": 4096,
      "pc1_variance": 0.2143084555864334,
      "pc2_variance": 0.11066611856222153,
      "total_variance": 0.32497456669807434
    },
    "model.layers.31": {
      "n_samples": 1000,
      "vector_dim": 4096,
      "pc1_variance": 0.1919274926185608,
      "pc2_variance": 0.09763302654027939,
      "total_variance": 0.2895605266094208
    }
  }
}